Senukai.lt Kareiviu g. 11, Vilnius 09108 870011119
BOSCH KGV36VW32 215 A++ Pastatomas Balta TuriSaldikli 199 
SAMSUNG RB29FERNDSAEF 98 A++ Pastatomas Balta TuriSaldikli 355 
BOSCH KIS87AF30 225 A++ Imontuojamas Balta TuriSaldikli 645 

Pigu.lt Vilnius, Saltoniskiu g. 29 370 661 05555
SAMSUNG RB33J3215WWEF 240 A++ Pastatomas Balta TuriSaldikli 199 
LG GBB59PZFZS 225 A++ Pastatomas Balta TuriSaldikli 430 
AEG SCE81826TS 240 A++ Imontuojamas Balta TuriSaldikli 199 
BOSCH KIS87AF30 225 A++ Imontuojamas Balta TuriSaldikli 645 
BOSCH KGV36VW32 215 A++ Pastatomas Balta TuriSaldikli 220 

Elekto Markt Savanoriu pr. 45C, Kaunas 864650231
BOSCH KGV36VW32 206 A++ Pastatomas Balta TuriSaldikli 199 
AEG SCE81826TS 240 A++ Imontuojamas Balta TuriSaldikli 580 







